{
	"code": 0,
	"message": "请求成功",
	"data": [{
		"id": 1,
		"image": "https://n.sinaimg.cn/ent/transform/250/w150h100/20230608/9c99-706ecc019581b4697bb52120a6cfd921.jpg",
		"title": "离大谱！人气95花叔侄恋"
	}, {
		"id": 11,
		"image": "https://img-s-msn-com.akamaized.net/tenant/amp/entityid/AA1cgUm1.img?w=534&h=387&m=6",
		"title": "中国跳水队公布福冈世锦赛18人参赛名单 目标锁定满额奥运门票"
	}, {
		"id": 21,
		"image": "https://n.sinaimg.cn/finance/transform/562/w360h202/20230616/1fb2-fe3beecaff555b298b6201ca37baf1dd.png",
		"title": "新能源汽修人才缺口达80%！途虎养车为何熬不住转型苦寒？"
	}, {
		"id": 31,
		"image": "https://p9.itc.cn/q_70/images03/20230530/1d159ef2e0fc4001a225883a883e5254.jpeg",
		"title": "《星穹铁道》3成玩家来自《原神》：7成玩家是男性"
	}, {
		"id": 41,
		"image": "https://p2.img.cctvpic.com/photoworkspace/2023/06/09/2023060914050178746.jpg",
		"title": "快舟一号甲火箭成功发射“龙江三号”试验卫星"
	}]
}