{
    "code": 0,
    "message": "请求成功",
    "data": [
        {
            "id": 1,
            "detail_id": 9,
            "url": "../../../image/portrait/1.jpg",
            "user": "iKun_1",
            "city": "北京",
            "time": "2023-5-30 12:25",
            "comment": "跨市昂鼬"
        },
        {
            "id": 2,
            "detail_id": 9,
            "url": "../../../image/portrait/2.jpg",
            "user": "iKun_2",
            "city": "南京",
            "time": "2023-5-30 12:25",
            "comment": "在这么冷的天，想抽根电子烟"
        },
        {
            "id": 3,
            "detail_id": 9,
            "url": "../../../image/portrait/3.jpg",
            "user": "iKun_3",
            "city": "广州",
            "time": "2023-5-30 12:25",
            "comment": "灰勒塔的钱兔"
        },
        {
            "id": 4,
            "detail_id": 10,
            "url": "../../../image/portrait/4.jpg",
            "user": "iKun_4",
            "city": "上海",
            "time": "2023-5-30 12:25",
            "comment": "灰勒塔的医生"
        },
        {
            "id": 5,
            "detail_id": 10,
            "url": "../../../image/portrait/3.jpg",
            "user": "iKun_3",
            "city": "广州",
            "time": "2023-5-30 12:25",
            "comment": "assaasas"
        },
        {
            "id": 6,
            "detail_id": 10,
            "url": "../../../image/portrait/3.jpg",
            "user": "iKun_3",
            "city": "广州",
            "time": "2023-5-30 12:25",
            "comment": "你干嘛\n"
        },
        {
            "id": 7,
            "detail_id": 10,
            "url": "../../../image/portrait/3.jpg",
            "user": "iKun_3",
            "city": "广州",
            "time": "2023-5-30 12:25",
            "comment": "wewewe"
        },
        {
            "id": 8,
            "detail_id": 9,
            "url": "../../../image/portrait/3.jpg",
            "user": "iKun_3",
            "city": "广州",
            "time": "2023-5-30 12:25",
            "comment": "ssssss"
        },
        {
            "id": 9,
            "detail_id": 10,
            "url": "../../../image/portrait/3.jpg",
            "user": "iKun_3",
            "city": "广州",
            "time": "2023-5-30 12:25",
            "comment": "原神天下第一"
        },
        {
            "id": 10,
            "detail_id": 10,
            "url": "../../../image/portrait/3.jpg",
            "user": "iKun_3",
            "city": "广州",
            "time": "2023-5-30 12:25",
            "comment": "呵，原神迟早药丸，我说的"
        },
        {
            "id": 11,
            "detail_id": 9,
            "url": "../../../image/portrait/3.jpg",
            "user": "iKun_101",
            "city": "广州",
            "time": "2023-5-30 12:25",
            "comment": "什么营销号，这么看不起女生"
        },
        {
            "id": 12,
            "detail_id": 10,
            "url": "../../../image/portrait/3.jpg",
            "user": "iKun_111",
            "city": "广州",
            "time": "2023-5-30 12:25",
            "comment": "你有没有想过，如果原神完了，会怎么样，不，你没想过，你只在乎你自己，从不关心任何事，不关心我们这个时代的发展，你只在乎你自己。"
        },
        {
            "id": 13,
            "detail_id": 10,
            "url": "../../../image/portrait/3.jpg",
            "user": "iKun_121",
            "city": "广州",
            "time": "2023-5-30 12:25",
            "comment": "wwwww"
        },
        {
            "id": 14,
            "detail_id": 10,
            "url": "../../../image/portrait/3.jpg",
            "user": "iKun_131",
            "city": "广州",
            "time": "2023-5-30 12:25",
            "comment": "wwwq"
        },
        {
            "id": 15,
            "detail_id": 10,
            "url": "../../../image/portrait/3.jpg",
            "user": "iKun_141",
            "city": "广州",
            "time": "2023-5-30 12:25",
            "comment": "wwwq"
        },
        {
            "id": 16,
            "detail_id": 46,
            "url": "../../../image/portrait/3.jpg",
            "user": "iKun_151",
            "city": "广州",
            "time": "2023-5-30 12:25",
            "comment": "看得毛骨悚然"
        },
        {
            "id": 17,
            "detail_id": 37,
            "url": "../../../image/portrait/3.jpg",
            "user": "iKun_161",
            "city": "广州",
            "time": "2023-5-30 12:25",
            "comment": "什么脑瘫ID"
        },
        {
            "id": 18,
            "detail_id": 7,
            "url": "../../../image/portrait/3.jpg",
            "user": "iKun_18",
            "city": "广州",
            "time": "2023-5-30 12:25",
            "comment": "受不了了家人们"
        },
        {
            "id": 19,
            "detail_id": 44,
            "url": "../../../image/portrait/3.jpg",
            "user": "iKun_19",
            "city": "广州",
            "time": "2023-5-30 12:25",
            "comment": "笑死，他们怎么会出钱"
        },
        {
            "id": 20,
            "detail_id": 44,
            "url": "../../../image/portrait/3.jpg",
            "user": "iKun_20",
            "city": "广州",
            "time": "2023/6/10 下午3:54:12",
            "comment": "在这么冷的天，想抽根电子烟"
        },
        {
            "id": 21,
            "detail_id": 44,
            "url": "../../../image/portrait/3.jpg",
            "user": "iKun_21",
            "city": "广州",
            "time": "2023-06-10 15:59",
            "comment": "在这么冷的天，想抽根传统烟"
        },
        {
            "id": 22,
            "detail_id": 4,
            "url": "../../../image/portrait/3.jpg",
            "user": "iKun_22",
            "city": "广州",
            "time": "2023-06-10 17:58",
            "comment": "我家哥哥是最棒的"
        },
        {
            "id": 23,
            "detail_id": 5,
            "url": "../../../image/portrait/3.jpg",
            "user": "iKun_23",
            "city": "广州",
            "time": "2023-06-10 17:59",
            "comment": "在这么冷的天，想抽根电子烟~~"
        },
        {
            "id": 24,
            "detail_id": 7,
            "url": "../../../image/portrait/3.jpg",
            "user": "iKun_24",
            "city": "广州",
            "time": "2023-06-10 18:01",
            "comment": "气抖冷，这么久了还打扰别人。"
        },
        {
            "id": 25,
            "detail_id": 35,
            "url": "../../../image/portrait/3.jpg",
            "user": "iKun_25",
            "city": "广州",
            "time": "2023-06-10 18:03",
            "comment": "笑了，烤迪克买了霍格沃兹之遗怕不是雷定了"
        },
        {
            "id": 26,
            "detail_id": 15,
            "url": "../../../image/portrait/3.jpg",
            "user": "iKun_26",
            "city": "广州",
            "time": "2023-06-14 18:48",
            "comment": "真棒"
        },
        {
            "id": 27,
            "detail_id": 31,
            "url": "../../../image/portrait/3.jpg",
            "user": "iKun_27",
            "city": "广州",
            "time": "2023-06-14 18:50",
            "comment": "原神玩家怎么你了"
        },
        {
            "id": 28,
            "detail_id": 34,
            "url": "../../../image/portrait/3.jpg",
            "user": "iKun_28",
            "city": "广州",
            "time": "2023-06-15 19:58",
            "comment": "我已经迫不及待了"
        },
        {
            "id": 29,
            "detail_id": 38,
            "url": "../../../image/portrait/3.jpg",
            "user": "iKun_29",
            "city": "北京",
            "time": "2023-06-15 19:59",
            "comment": "不会是fake news吧"
        },
        {
            "id": 30,
            "detail_id": 3,
            "url": "../../../image/portrait/3.jpg",
            "user": "iKun_30",
            "city": "北京",
            "time": "2023-06-15 20:00",
            "comment": "还行"
        },
        {
            "id": 31,
            "detail_id": 48,
            "url": "../../../image/portrait/3.jpg",
            "user": "iKun_31",
            "city": "北京",
            "time": "2023-06-15 20:01",
            "comment": "不错"
        },
        {
            "id": 32,
            "detail_id": 32,
            "url": "../../../image/portrait/3.jpg",
            "user": "iKun_32",
            "city": "北京",
            "time": "2023-06-15 20:01",
            "comment": "越来越期待了"
        },
        {
            "id": 33,
            "detail_id": 37,
            "url": "../../../image/portrait/3.jpg",
            "user": "iKun_33",
            "city": "北京",
            "time": "2023-06-15 20:37",
            "comment": "123"
        },
        {
            "id": 34,
            "detail_id": 21,
            "url": "../../../image/portrait/3.jpg",
            "user": "iKun_34",
            "city": "北京",
            "time": "2023-06-16 20:30",
            "comment": "我再也不买车了"
        },
        {
            "id": 35,
            "detail_id": 36,
            "url": "../../../image/portrait/3.jpg",
            "user": "iKun_35",
            "city": "北京",
            "time": "2023-06-16 20:31",
            "comment": "不错"
        },
        {
            "id": 36,
            "detail_id": 31,
            "url": "../../../image/portrait/3.jpg",
            "user": "iKun_36",
            "city": "北京",
            "time": "2023-06-16 20:33",
            "comment": "真好玩"
        },
        {
            "id": 37,
            "detail_id": 39,
            "url": "../../../image/portrait/3.jpg",
            "user": "iKun_37",
            "city": "北京",
            "time": "2023-06-16 20:34",
            "comment": "令人感动"
        }
    ]
}