{
    "code": 0,
    "message": "请求成功",
    "data": [
        {
            "id": 38,
            "doctypeid": 1,
            "date": "1天前",
            "tag": "游戏时光",
            "title": "一个背负了「Fxxk Konami」的男人",
            "listId": 4,
            "images": [
                "https://img01.vgtime.com/game/cover/2021/02/09/2102091854559_u229514.jpg"
            ],
            "likeurl": true
        },
        {
            "id": 3,
            "date": "1天前",
            "tag": "搜狐",
            "title": "蔡徐坤男神滤镜碎了？节目导演故意关闭美颜，真实镜头让女粉失恋",
            "listId": 1,
            "images": [
                "https://p4.itc.cn/images01/20230530/cc9e66168fcf4a228e897d39d123f1de.jpeg"
            ],
            "likeurl": true
        },
        {
            "id": 32,
            "date": "17小时前",
            "tag": "网易新闻",
            "title": "原神4.0版本爆料：揭秘枫丹剧情线索，政治社会与环境污染成重点",
            "listId": 4,
            "images": [
                "https://nimg.ws.126.net/?url=http%3A%2F%2Fdingyue.ws.126.net%2F2023%2F0530%2F946e9c55j00rvgxgb006pd000bz006rp.jpg&thumbnail=660x2147483647&quality=80&type=jpg"
            ],
            "likeurl": true
        },
        {
            "id": 5,
            "date": "6天前",
            "tag": "搜狐",
            "title": " 突发！Capper突然失声！宣布暂停所有演出！可能会影响Rapper职业生涯！ ",
            "listId": 1,
            "images": [
                "https://k.sinaimg.cn/n/sinakd20230524s/560/w1080h1080/20230524/ff2e-734d9ed32309eafdcf3e672fc0c5478f.jpg/w700d1q75cms.jpg?by=cms_fixed_width"
            ],
            "likeurl": true
        },
        {
            "id": 36,
            "doctypeid": 1,
            "date": "1天前",
            "tag": "游戏时光",
            "title": "英国实体周榜：《王国之泪》继续连冠，《旷野之息》排名上升",
            "listId": 4,
            "images": [
                "https://img01.vgtime.com/game/cover/2023/05/30/230530102622542_u459821.jpg"
            ],
            "likeurl": true
        },
        {
            "id": 39,
            "doctypeid": 1,
            "date": "1天前",
            "tag": "游戏时光",
            "title": "迷上自己创造的怪物，30年后他为怪物做了一款游戏",
            "listId": 4,
            "images": [
                "https://img01.vgtime.com/game/cover/2017/12/27/171227123234949.jpg"
            ],
            "likeurl": true
        },
        {
            "id": 8,
            "date": "15小时前",
            "tag": "搜狐",
            "title": "丁真签约后拍宣传照，穿民族服笑容迷人，公司教识字学普通话 ",
            "listId": 1,
            "images": [
                "https://p6.itc.cn/images01/20230521/ec447c8b278e472e909979d461b51ab8.jpeg"
            ],
            "likeurl": true
        }
    ]
}