{
    "code": 0,
    "message": "请求成功",
    "data": [
        {
            "id": 1,
            "date": "1小时前",
            "tag": " 新浪网 ",
            "title": "离大谱，人气95花叔侄恋？",
            "listId": 1,
            "images": [
                "https://n.sinaimg.cn/ent/transform/250/w150h100/20230608/9c99-706ecc019581b4697bb52120a6cfd921.jpg"
            ],
            "likeurl": false
        },
        {
            "id": 2,
            "date": "1天前",
            "tag": "腾讯网",
            "title": "蔡徐坤冲出内娱！成功和好莱坞大导演ins互关，疑似要转型演电影",
            "listId": 1,
            "images": [
                "https://inews.gtimg.com/news_bt/OJ1p5JHmZeWh_lhm-zSja0GTKJZYx-_KFv0ANUtVFC9A4AA/1000"
            ],
            "likeurl": false
        },
        {
            "id": 3,
            "date": "1天前",
            "tag": "搜狐",
            "title": "蔡徐坤男神滤镜碎了？节目导演故意关闭美颜，真实镜头让女粉失恋",
            "listId": 1,
            "images": [
                "https://p4.itc.cn/images01/20230530/cc9e66168fcf4a228e897d39d123f1de.jpeg"
            ],
            "likeurl": true
        },
        {
            "id": 4,
            "date": "13天前",
            "tag": "华声娱乐",
            "title": "蔡徐坤巡回演唱会首场官宣 6月3日澳门场更多精彩等你解",
            "listId": 1,
            "images": [
                "http://yweb1.cnliveimg.com/1423/img/2023/0517/1684301904635.jpg"
            ]
        },
        {
            "id": 5,
            "date": "6天前",
            "tag": "搜狐",
            "title": " 突发！Capper突然失声！宣布暂停所有演出！可能会影响Rapper职业生涯！ ",
            "listId": 1,
            "images": [
                "https://k.sinaimg.cn/n/sinakd20230524s/560/w1080h1080/20230524/ff2e-734d9ed32309eafdcf3e672fc0c5478f.jpg/w700d1q75cms.jpg?by=cms_fixed_width"
            ],
            "likeurl": true
        },
        {
            "id": 6,
            "date": "11天前",
            "tag": "搜狐",
            "title": "丁真签约国企铁饭碗，也许这才是最好的结局",
            "listId": 1,
            "images": [
                "https://p3.itc.cn/images01/20230520/8d64e572ce6042df941ad7b3bcbbf64d.jpeg"
            ],
            "likeurl": false
        },
        {
            "id": 7,
            "date": "23天前",
            "tag": "澎湃新闻",
            "title": "丁真，在谩骂中度过了21岁生日",
            "listId": 1,
            "images": [
                "https://imagepphcloud.thepaper.cn/pph/image/193/812/145.jpg"
            ],
            "likeurl": false
        },
        {
            "id": 8,
            "date": "15小时前",
            "tag": "搜狐",
            "title": "丁真签约后拍宣传照，穿民族服笑容迷人，公司教识字学普通话 ",
            "listId": 1,
            "images": [
                "https://p6.itc.cn/images01/20230521/ec447c8b278e472e909979d461b51ab8.jpeg"
            ],
            "likeurl": true
        },
        {
            "id": 9,
            "date": "6 小时前",
            "tag": "东方资讯",
            "title": "明星早期高清生图曝光！粉刺多肤色不均满脸疲惫，一个比一个真实 ",
            "listId": 1,
            "images": [
                "https://dfzximg01.dftoutiao.com/msn/20230608/20230608132657_2ee4b45c74eb8820098a73833cd9b1c0_1.png"
            ],
            "likeurl": true
        },
        {
            "id": 10,
            "date": "5 小时前",
            "tag": "娱说扒条",
            "title": "林志玲后悔晚嫁后，丈夫抱娃团聚，开65万保姆车，一岁半儿罕露面 ",
            "listId": 1,
            "images": [
                "https://img-nos.yiyouliao.com/alph/5527f8bab6530719042a1eb552011f2e.png?yiyouliao_channel=1536235174142947329_image"
            ]
        },
        {
            "id": 11,
            "date": "4 小时前",
            "tag": "新华社",
            "title": "中国跳水队公布福冈世锦赛18人参赛名单 目标锁定满额奥运门票",
            "listId": 2,
            "images": [
                "https://img-s-msn-com.akamaized.net/tenant/amp/entityid/AA1cgUm1.img?w=534&h=387&m=6"
            ],
            "likeurl": false
        },
        {
            "id": 12,
            "date": " 8 小时前",
            "tag": "ZAKER",
            "title": "掘金109-94热火，大比分2-1，主场都打没了，彻底没了",
            "listId": 2,
            "images": [
                "https://img-s-msn-com.akamaized.net/tenant/amp/entityid/AA1cgO0L.img?w=534&h=670&m=6&x=365&y=118&s=163&d=163"
            ]
        },
        {
            "id": 13,
            "date": "8 小时前",
            "tag": "直播吧",
            "title": "官方：斯卡洛尼带领阿根廷教练组已到达北京",
            "listId": 2,
            "images": [
                "https://img-s-msn-com.akamaized.net/tenant/amp/entityid/AA1cgzAB.img?w=1920&h=1080&q=60&m=2&f=jpg"
            ]
        },
        {
            "id": 14,
            "date": "13 小时前",
            "tag": "每日体育",
            "title": "3年7000万，湖人对拉塞尔已仁至义尽，身价是他自己打掉的",
            "listId": 2,
            "images": [
                "https://img-s-msn-com.akamaized.net/tenant/amp/entityid/AA1cg1TL.img?w=534&h=301&m=6&x=473&y=85&s=106&d=106"
            ]
        },
        {
            "id": 15,
            "date": "4 小时前",
            "tag": "新浪网",
            "title": "约基奇32+21+10穆雷34+10+10 掘金力克热火2-1",
            "listId": 2,
            "images": [
                "https://k.sinaimg.cn/n/sports/transform/283/w650h433/20230608/2ab0-b862508bb8605ac9a7a2f301755e387a.jpg/w700d1q75cms.jpg?by=cms_fixed_width"
            ]
        },
        {
            "id": 16,
            "date": "4 小时前",
            "tag": "虎扑足球",
            "title": "格拉利什：踢欧冠决赛是我的梦想，效力曼城真的是快乐",
            "listId": 2,
            "images": [
                "https://img-s-msn-com.akamaized.net/tenant/amp/entityid/AA1ch447.img?w=534&h=301&m=6&x=317&y=196&s=92&d=92"
            ]
        },
        {
            "id": 17,
            "date": "5 小时前",
            "tag": "直播吧",
            "title": "洛瑞：约基奇是两届MVP 他知道如何打球并且他真的天赋异禀",
            "listId": 2,
            "images": [
                "https://img-s-msn-com.akamaized.net/tenant/amp/entityid/AA17jCkS.img?w=534&h=373&m=6&x=148&y=105&s=610&d=330"
            ]
        },
        {
            "id": 18,
            "date": "5 小时前",
            "tag": "直播吧",
            "title": "对阵津门虎将是蓉城6月唯一主场 不输球的话将追平中超最长不败纪录",
            "listId": 2,
            "images": [
                "https://img-s-msn-com.akamaized.net/tenant/amp/entityid/AA1aazAZ.img?w=534&h=356&m=6&x=349&y=105&s=50&d=50"
            ]
        },
        {
            "id": 19,
            "date": "5 小时前",
            "tag": "直播吧",
            "title": "沙特媒体：本泽马亮相仪式周四进行，门票最低17元最高759元",
            "listId": 2,
            "images": [
                "https://img-s-msn-com.akamaized.net/tenant/amp/entityid/AA1ch8CN.img?w=534&h=534&m=6&x=552&y=186&s=143&d=143"
            ]
        },
        {
            "id": 20,
            "date": "4 小时前\n",
            "tag": "每日体育",
            "title": "六台：梅西对巴萨不是真爱，20天都等不了，他的职业生涯已经没有梦想了",
            "listId": 2,
            "images": [
                "https://img-s-msn-com.akamaized.net/tenant/amp/entityid/AA1chiuv.img?w=534&h=353&m=6&x=369&y=97&s=48&d=48"
            ]
        },
        {
            "id": 21,
            "doctypeid": 1,
            "date": "1天前",
            "tag": "新浪网",
            "title": "新能源汽修人才缺口达80%！途虎养车为何熬不住转型苦寒？",
            "listId": 3,
            "images": [
                "https://n.sinaimg.cn/finance/transform/562/w360h202/20230616/1fb2-fe3beecaff555b298b6201ca37baf1dd.png"
            ],
            "likeurl": false
        },
        {
            "id": 22,
            "doctypeid": 1,
            "date": "1天前",
            "tag": "新浪网",
            "title": "关于近期股票波动，资金短线炒作、量化交易、中特估…易会满刚刚重磅发声！",
            "listId": 3,
            "images": [
                "https://n.sinaimg.cn/spider20230608/290/w1080h810/20230608/5fcd-c8757f070c2b2dd24c7a563105313bef.jpg"
            ],
            "likeurl": false
        },
        {
            "id": 23,
            "doctypeid": 1,
            "date": "1天前",
            "tag": "新浪网",
            "title": "重磅！新一轮存款利率下调，工行、中行、建行、农行、交行、邮储银行全宣布了！",
            "listId": 3,
            "images": [
                "https://n.sinaimg.cn/spider20230608/215/w894h921/20230608/3409-53b74e1fe0db2739d7aaa5c354c67d4f.png"
            ]
        },
        {
            "id": 24,
            "doctypeid": 1,
            "date": "1天前",
            "tag": "新浪网",
            "title": "一个互动回复收获7天6板，CPO大牛股铭普光磁收关注函，大股东仍在减持期",
            "listId": 3,
            "images": [
                "https://image.sinajs.cn/n/cn/dk/640x360xxfhd/sz002902.png"
            ]
        },
        {
            "id": 25,
            "doctypeid": 1,
            "date": "1天前",
            "tag": "新浪网",
            "title": "明星科技股等同美股“赚钱密码”：这一投资逻辑还能持续多久？",
            "listId": 3,
            "images": [
                "https://n.sinaimg.cn/spider20230608/223/w599h424/20230608/38e9-f78083a8c09aa1d3ee8c1e73a0ac88b7.png"
            ]
        },
        {
            "id": 26,
            "doctypeid": 1,
            "date": "1天前",
            "tag": "新浪网",
            "title": "两年被查9人！金融反腐力度加大 广发银行沈阳分行原行长被开除党籍",
            "listId": 3,
            "images": [
                "https://n.sinaimg.cn/finance/crawl/109/w550h359/20230608/a7ef-8fe06bd79a5bfe43a0d69a69e21dd7ea.png"
            ]
        },
        {
            "id": 27,
            "doctypeid": 1,
            "date": "1天前",
            "tag": "新浪网",
            "title": "关于近期股票波动，资金短线炒作、量化交易、中特估…易会满刚刚重磅发声！",
            "listId": 3,
            "images": [
                "https://n.sinaimg.cn/spider20230608/290/w1080h810/20230608/5fcd-c8757f070c2b2dd24c7a563105313bef.jpg"
            ]
        },
        {
            "id": 28,
            "doctypeid": 1,
            "date": "1天前",
            "tag": "新浪网",
            "title": "江苏银行App是否更专业？搜索互动仍有不足，部分功能尚待优化",
            "listId": 3,
            "images": [
                "http://n.sinaimg.cn/finance/crawl/24/w550h274/20230607/7245-18dde8219566076b4d112ab1480b47de.png"
            ]
        },
        {
            "id": 29,
            "doctypeid": 1,
            "date": "1天前",
            "tag": "新浪网",
            "title": "国台酒“三个百亿规划”面临挑战",
            "listId": 3,
            "images": [
                "https://n.sinaimg.cn/finance/transform/54/w542h312/20230608/a723-8f2a02c736d2728376a013c21689a746.png"
            ]
        },
        {
            "id": 30,
            "doctypeid": 1,
            "date": "1天前",
            "tag": "新浪网",
            "title": "5月进出口数据点评：如何理解出口增速转负",
            "listId": 3,
            "images": [
                "https://n.sinaimg.cn/finance/417ecd1b/20191212/PCDuanTuiGuangTu.png"
            ]
        },
        {
            "id": 31,
            "date": "23小时前",
            "tag": "搜狐",
            "title": "《星穹铁道》3成玩家来自《原神》：7成玩家是男性",
            "listId": 4,
            "images": [
                "https://p9.itc.cn/q_70/images03/20230530/1d159ef2e0fc4001a225883a883e5254.jpeg"
            ],
            "likeurl": false
        },
        {
            "id": 32,
            "date": "17小时前",
            "tag": "网易新闻",
            "title": "原神4.0版本爆料：揭秘枫丹剧情线索，政治社会与环境污染成重点",
            "listId": 4,
            "images": [
                "https://nimg.ws.126.net/?url=http%3A%2F%2Fdingyue.ws.126.net%2F2023%2F0530%2F946e9c55j00rvgxgb006pd000bz006rp.jpg&thumbnail=660x2147483647&quality=80&type=jpg"
            ],
            "likeurl": true
        },
        {
            "id": 33,
            "doctypeid": 1,
            "date": "1天前",
            "tag": "游戏时光",
            "title": "关于《生化危机4 重制版》“偷盘哥”事件的一点思考",
            "listId": 4,
            "images": [
                "https://img01.vgtime.com/game/cover/2023/04/18/230418173516515_u202875.jpg?x-oss-process=image/resize,m_pad,color_000000,w_800,h_500"
            ]
        },
        {
            "id": 34,
            "doctypeid": 1,
            "date": "1天前",
            "tag": "游戏时光",
            "title": "《装甲核心6》玩法主打战斗探索不同于魂类游戏",
            "listId": 4,
            "images": [
                "https://img01.vgtime.com/game/cover/2023/06/05/230605095431730_u459821.jpg"
            ],
            "likeurl": false
        },
        {
            "id": 35,
            "doctypeid": 1,
            "date": "1天前",
            "tag": "游戏时光",
            "title": "动暴CEO：曾准备收购时代华纳，却被AT&T截胡",
            "listId": 4,
            "images": [
                "https://img01.vgtime.com/game/cover/2023/06/01/230601095126458_u459821.jpg?x-oss-process=image/resize,m_pad,color_000000,w_320,h_200"
            ]
        },
        {
            "id": 36,
            "doctypeid": 1,
            "date": "1天前",
            "tag": "游戏时光",
            "title": "英国实体周榜：《王国之泪》继续连冠，《旷野之息》排名上升",
            "listId": 4,
            "images": [
                "https://img01.vgtime.com/game/cover/2023/05/30/230530102622542_u459821.jpg"
            ],
            "likeurl": true
        },
        {
            "id": 37,
            "doctypeid": 1,
            "date": "1天前",
            "tag": "游戏时光",
            "title": "《街霸6》惊现种族歧视，违规玩家账号被封禁200年",
            "listId": 4,
            "images": [
                "https://img01.vgtime.com/game/cover/2023/06/07/230607155952139_u459821.jpg?x-oss-process=image/resize,m_pad,color_000000,w_320,h_200"
            ]
        },
        {
            "id": 38,
            "doctypeid": 1,
            "date": "1天前",
            "tag": "游戏时光",
            "title": "一个背负了「Fxxk Konami」的男人",
            "listId": 4,
            "images": [
                "https://img01.vgtime.com/game/cover/2021/02/09/2102091854559_u229514.jpg"
            ],
            "likeurl": true
        },
        {
            "id": 39,
            "doctypeid": 1,
            "date": "1天前",
            "tag": "游戏时光",
            "title": "迷上自己创造的怪物，30年后他为怪物做了一款游戏",
            "listId": 4,
            "images": [
                "https://img01.vgtime.com/game/cover/2017/12/27/171227123234949.jpg"
            ],
            "likeurl": true
        },
        {
            "id": 40,
            "doctypeid": 1,
            "date": "1天前",
            "tag": "游戏时光",
            "title": "花了20年的时间，他集齐了红白机上的全部游戏",
            "listId": 4,
            "images": [
                "https://img01.vgtime.com/game/cover/2021/05/11/210511181321819_u524.jpg"
            ]
        },
        {
            "id": 41,
            "doctypeid": 1,
            "date": "1天前",
            "tag": "央视网",
            "title": "快舟一号甲火箭成功发射“龙江三号”试验卫星",
            "listId": 5,
            "images": [
                "https://p2.img.cctvpic.com/photoworkspace/2023/06/09/2023060914050178746.jpg"
            ]
        },
        {
            "id": 42,
            "doctypeid": 1,
            "date": "1天前",
            "tag": "央视网",
            "title": "“她力量”绽放在科研征途上",
            "listId": 5,
            "images": [
                "https://p1.img.cctvpic.com/photoworkspace/2023/06/09/2023060913264467937.jpg"
            ]
        },
        {
            "id": 43,
            "doctypeid": 1,
            "date": "1天前",
            "tag": "央视网",
            "title": "我国科研人员监测到伽马射线暴全过程",
            "listId": 5,
            "images": [
                "https://p4.img.cctvpic.com/photoworkspace/2023/06/09/2023060913171484853.jpg"
            ]
        },
        {
            "id": 44,
            "doctypeid": 1,
            "date": "1天前",
            "tag": "央视网",
            "title": "新研究：碳排放过量发达国家应补偿低排放国",
            "listId": 5,
            "images": [
                "https://p3.img.cctvpic.com/photoworkspace/2023/06/09/2023060911314029331.jpg"
            ]
        },
        {
            "id": 45,
            "doctypeid": 1,
            "date": "1天前",
            "tag": "央视网",
            "title": "技术创新推动音乐产业数字化升级 请听AI交响音乐会",
            "listId": 5,
            "images": [
                "https://p5.img.cctvpic.com/photoworkspace/2023/06/09/2023060911020783186.jpg"
            ]
        },
        {
            "id": 46,
            "doctypeid": 1,
            "date": "1天前",
            "tag": "央视网",
            "title": "十亿年前岩石中发现“失落的世界”",
            "listId": 5,
            "images": [
                "https://p2.img.cctvpic.com/photoworkspace/2023/06/09/2023060910413985146.jpg"
            ]
        },
        {
            "id": 47,
            "doctypeid": 1,
            "date": "1天前",
            "tag": "央视网",
            "title": "融合有机物无机物 浙江大学研究团队创造出新物质",
            "listId": 5,
            "images": [
                "https://p1.img.cctvpic.com/photoworkspace/2023/06/08/2023060816391791304.jpg"
            ]
        },
        {
            "id": 48,
            "doctypeid": 1,
            "date": "1天前",
            "tag": "央视网",
            "title": "人工智能热潮背后——透视算力新趋势",
            "listId": 5,
            "images": [
                "https://p1.img.cctvpic.com/photoworkspace/2023/06/08/2023060817433386961.jpg"
            ],
            "likeurl": false
        },
        {
            "id": 49,
            "doctypeid": 1,
            "date": "1天前",
            "tag": "央视网",
            "title": "曾经熟悉的声音还能当真吗？AI语音克隆技术引发争议",
            "listId": 5,
            "images": [
                "https://p4.img.cctvpic.com/photoworkspace/2023/06/08/2023060811465944437.jpg"
            ]
        },
        {
            "id": 50,
            "doctypeid": 1,
            "date": "1天前",
            "tag": "央视网",
            "title": "一箭26星！力箭一号遥二运载火箭成功发射",
            "listId": 5,
            "images": [
                "https://p4.img.cctvpic.com/photoworkspace/2023/06/07/2023060717103584506.jpg"
            ]
        }
    ]
}